<?xml version="1.0" encoding="UTF-8" standalone="yes" ?>
<appProperties xmlns="http://schemas.mathworks.com/matlab/app/2012/appProperties" signature="1777E16A08BB45F0C778167A98EBA2D8D2FBE7C8">

  <entryPoint>Image_filter</entryPoint>

  <name>Image Filter</name>

  <version>1.0</version>

  <createdByMATLABRelease>(R2019b)</createdByMATLABRelease>

  <GUID>727550fe-7086-4f73-9c3c-7e68b5cf8475</GUID>

  <summary>This is an Image filter app. The user is able to visualise the image filtering process using this.</summary>

  <description>This is an Image filter app. The user is able to visualise the image filtering process and even helps in the experimentation of new kernels.</description>

  <author>
    <name>Rajath and Chetan</name>
    <contact>rajathjnx@gmail.com</contact>
    <organization>PES University</organization>
  </author>

  <supportedPlatforms/>

  <requiredProducts/>

  <numFiles>1</numFiles>

  <created>2020-06-03T17:21:49Z</created>

  <appEntries>
    <appFile>/Image_filter.mlapp</appFile>
  </appEntries>

</appProperties>
