<?xml version="1.0" encoding="UTF-8" standalone="yes" ?><cp:coreProperties xmlns:cp="http://schemas.openxmlformats.org/package/2006/metadata/core-properties" xmlns:dc="http://purl.org/dc/elements/1.1/" xmlns:dcmitype="http://purl.org/dc/dcmitype/" xmlns:dcterms="http://purl.org/dc/terms/" xmlns:xsi="http://www.w3.org/2001/XMLSchema-instance"><dcterms:created xsi:type="dcterms:W3CDTF">2020-06-03T17:21:49Z</dcterms:created><dc:creator>Rajath and Chetan</dc:creator><dc:description>This is an Image filter app. The user is able to visualise the image filtering process and even helps in the experimentation of new kernels.</dc:description><dc:title>Image Filter</dc:title><cp:version>1.0</cp:version></cp:coreProperties>